[{"fields": {"username": "admin", "first_name": "Bryan", "last_name": "Smith", "is_active": true, "is_superuser": true, "is_staff": true, "last_login": "2015-05-28T23:14:09.853Z", "groups": [], "user_permissions": [["add_logentry", "admin", "logentry"], ["change_logentry", "admin", "logentry"], ["delete_logentry", "admin", "logentry"], ["add_group", "auth", "group"], ["change_group", "auth", "group"], ["delete_group", "auth", "group"], ["add_permission", "auth", "permission"], ["change_permission", "auth", "permission"], ["delete_permission", "auth", "permission"], ["add_user", "auth", "user"], ["change_user", "auth", "user"], ["delete_user", "auth", "user"], ["add_token", "authtoken", "token"], ["change_token", "authtoken", "token"], ["delete_token", "authtoken", "token"], ["add_contenttype", "contenttypes", "contenttype"], ["change_contenttype", "contenttypes", "contenttype"], ["delete_contenttype", "contenttypes", "contenttype"], ["add_testevent", "debug", "testevent"], ["change_testevent", "debug", "testevent"], ["delete_testevent", "debug", "testevent"], ["add_appliance", "microdata", "appliance"], ["change_appliance", "microdata", "appliance"], ["delete_appliance", "microdata", "appliance"], ["add_device", "microdata", "device"], ["change_device", "microdata", "device"], ["delete_device", "microdata", "device"], ["add_event", "microdata", "event"], ["change_event", "microdata", "event"], ["delete_event", "microdata", "event"], ["add_session", "sessions", "session"], ["change_session", "sessions", "session"], ["delete_session", "sessions", "session"], ["add_dashboardsettings", "webapp", "dashboardsettings"], ["change_dashboardsettings", "webapp", "dashboardsettings"], ["delete_dashboardsettings", "webapp", "dashboardsettings"], ["add_devicewebsettings", "webapp", "devicewebsettings"], ["change_devicewebsettings", "webapp", "devicewebsettings"], ["delete_devicewebsettings", "webapp", "devicewebsettings"], ["add_notification", "webapp", "notification"], ["change_notification", "webapp", "notification"], ["delete_notification", "webapp", "notification"], ["add_rateplan", "webapp", "rateplan"], ["change_rateplan", "webapp", "rateplan"], ["delete_rateplan", "webapp", "rateplan"], ["add_territory", "webapp", "territory"], ["change_territory", "webapp", "territory"], ["delete_territory", "webapp", "territory"], ["add_usersettings", "webapp", "usersettings"], ["change_usersettings", "webapp", "usersettings"], ["delete_usersettings", "webapp", "usersettings"], ["add_utilitycompany", "webapp", "utilitycompany"], ["change_utilitycompany", "webapp", "utilitycompany"], ["delete_utilitycompany", "webapp", "utilitycompany"]], "password": "pbkdf2_sha256$20000$1tAefQ5uaTTP$wan2HUuY6btw0K2h2s4nwqkA69Ed21XUQM7AQjO8/OU=", "email": "brabsmit@ucsc.edu", "date_joined": "2015-01-27T20:26:47Z"}, "model": "auth.user", "pk": 1}, {"fields": {"username": "hcrute", "first_name": "Henry", "last_name": "Crute", "is_active": true, "is_superuser": true, "is_staff": true, "last_login": "2015-05-26T20:30:54.327Z", "groups": [], "user_permissions": [["add_device", "microdata", "device"], ["change_device", "microdata", "device"], ["delete_device", "microdata", "device"], ["add_event", "microdata", "event"], ["change_event", "microdata", "event"], ["delete_event", "microdata", "event"]], "password": "pbkdf2_sha256$20000$rvog4QET9MWi$AnAycei/j7nc0r5OOJ0IkNsC5397KeHzAug1F8A6qL0=", "email": "hcrute@ucsc.edu", "date_joined": "2015-02-26T02:29:26Z"}, "model": "auth.user", "pk": 6}, {"fields": {"username": "poop", "first_name": "", "last_name": "", "is_active": true, "is_superuser": false, "is_staff": false, "last_login": "2015-05-23T00:06:25.637Z", "groups": [], "user_permissions": [], "password": "pbkdf2_sha256$15000$uZJ6TB14l7Rs$MfbPgwBMkahLRNVkyIPM1lN5gBs8Mq+QzLELxY0+ejc=", "email": "", "date_joined": "2015-05-23T00:06:25.294Z"}, "model": "auth.user", "pk": 28}, {"fields": {"user": ["hcrute"], "created": "2015-03-02T22:17:15.921Z"}, "model": "authtoken.token", "pk": "8ae24bb133fc7875d29194aa4eaaf6c83c3b5e0e"}, {"fields": {"user": ["admin"], "created": "2015-01-27T20:56:27.266Z"}, "model": "authtoken.token", "pk": "e7d6eb43fbf8c5540cbeae26e369f53644160d52"}, {"fields": {"serial": 1, "chart_color": "#69D2E7", "name": "Computer"}, "model": "microdata.appliance", "pk": 1}, {"fields": {"serial": 2, "chart_color": "#A7DBD8", "name": "Refrigerator"}, "model": "microdata.appliance", "pk": 2}, {"fields": {"serial": 3, "chart_color": "#FF6B6B", "name": "Toaster"}, "model": "microdata.appliance", "pk": 3}, {"fields": {"serial": 4, "chart_color": "#C7F464", "name": "Television"}, "model": "microdata.appliance", "pk": 4}, {"fields": {"serial": 0, "chart_color": "#BDC3C7", "name": "Unknown"}, "model": "microdata.appliance", "pk": 5}, {"fields": {"serial": 5, "chart_color": "#F38630", "name": "Oven"}, "model": "microdata.appliance", "pk": 6}, {"fields": {"serial": 6, "chart_color": "#C44D58", "name": "Heater"}, "model": "microdata.appliance", "pk": 7}, {"fields": {"serial": 7, "chart_color": "#F29D5C", "name": "Hair Dryer"}, "model": "microdata.appliance", "pk": 8}, {"fields": {"chart_color": "#c44d58", "name": "Living Room", "appliances": [4]}, "model": "microdata.circuittype", "pk": 1}, {"fields": {"chart_color": "#f38630", "name": "Bathroom", "appliances": []}, "model": "microdata.circuittype", "pk": 2}, {"fields": {"chart_color": "#a7dbd8", "name": "Bedroom", "appliances": [1]}, "model": "microdata.circuittype", "pk": 3}, {"fields": {"chart_color": "#c7f464", "name": "Kitchen", "appliances": [2, 3, 6]}, "model": "microdata.circuittype", "pk": 4}, {"fields": {"chart_color": "#bdc3c7", "name": "Unknown", "appliances": [5]}, "model": "microdata.circuittype", "pk": 5}, {"fields": {"chart_color": "ff6b6b", "name": "Custom", "appliances": [1, 2, 3]}, "model": "microdata.circuittype", "pk": 6}, {"fields": {"chart_color": "#69d2e7", "name": "Lab", "appliances": [1]}, "model": "microdata.circuittype", "pk": 7}, {"fields": {"circuittype": 3, "name": "Master Bedroom"}, "model": "microdata.circuit", "pk": 2}, {"fields": {"circuittype": 4, "name": "Kitchen"}, "model": "microdata.circuit", "pk": 3}, {"fields": {"circuittype": 2, "name": "Half Bath"}, "model": "microdata.circuit", "pk": 4}, {"fields": {"circuittype": 5, "name": "Unknown"}, "model": "microdata.circuit", "pk": 5}, {"fields": {"circuittype": 1, "name": "Livingroom"}, "model": "microdata.circuit", "pk": 6}, {"fields": {"data_retention_policy": 12, "cost_daily": 0.0, "channel_1": 3, "name": "seads-dev1", "channel_3": 1, "channel_2": 4, "fanout_query_registered": true, "kilowatt_hours_daily": 41.50740711110957, "registered": true, "kilowatt_hours_monthly": 41.50740711110957, "share_with": [["hcrute"]], "owner": ["admin"], "position": "37.0009711282,-122.06252152799999", "secret_key": "983YFZX", "ip_address": "54.200.156.186"}, "model": "microdata.device", "pk": 1}, {"fields": {"data_retention_policy": 12, "cost_daily": 0.0, "channel_1": 3, "name": "seads-dev2", "channel_3": 4, "channel_2": 4, "fanout_query_registered": true, "kilowatt_hours_daily": 0.0, "registered": true, "kilowatt_hours_monthly": 0.0, "share_with": [], "owner": null, "position": "36.97173,-122.02965799999998", "secret_key": "764LEHT", "ip_address": "128.114.62.5"}, "model": "microdata.device", "pk": 2}, {"fields": {"data_retention_policy": 12, "cost_daily": 0.9981186446224712, "channel_1": 7, "name": "seads-esp1", "channel_3": 2, "channel_2": 5, "fanout_query_registered": true, "kilowatt_hours_daily": 0.8356580555554101, "registered": true, "kilowatt_hours_monthly": 0.8356580555554101, "share_with": [["admin"]], "owner": ["hcrute"], "position": "36.9787112024517,-122.04912115198977", "secret_key": "291EPVE", "ip_address": "128.114.59.92"}, "model": "microdata.device", "pk": 3}, {"fields": {"data_retention_policy": 12, "cost_daily": 5.761223585450738, "channel_1": 1, "name": "seads-api1", "channel_3": 4, "channel_2": 3, "fanout_query_registered": true, "kilowatt_hours_daily": 27.988961850836723, "registered": true, "kilowatt_hours_monthly": 27.988961850836723, "share_with": [], "owner": ["admin"], "position": "36.9966575621,-122.05415725699999", "secret_key": "043QPZV", "ip_address": "52.25.218.18"}, "model": "microdata.device", "pk": 4}, {"fields": {"data_retention_policy": 12, "cost_daily": 1.8581925389271905, "channel_1": 1, "name": "seads-dev3", "channel_3": 4, "channel_2": 3, "fanout_query_registered": true, "kilowatt_hours_daily": 3.4166666666666666e-05, "registered": true, "kilowatt_hours_monthly": 3.4166666666666666e-05, "share_with": [], "owner": ["admin"], "position": "36.96451658773153,-122.01706338984377", "secret_key": "372FFCC", "ip_address": "52.25.218.18"}, "model": "microdata.device", "pk": 6}, {"fields": {"data_retention_policy": 12, "cost_daily": 0.003401593004444393, "channel_1": 7, "name": "seads-esp2", "channel_3": 4, "channel_2": 3, "fanout_query_registered": true, "kilowatt_hours_daily": 0.026290361111111108, "registered": true, "kilowatt_hours_monthly": 0.026290361111111108, "share_with": [["admin"]], "owner": ["hcrute"], "position": "36.9741171,-122.03079630000002", "secret_key": "789ULWJ", "ip_address": "128.114.59.92"}, "model": "microdata.device", "pk": 9}, {"fields": {"data_retention_policy": 12, "cost_daily": 0.0, "channel_1": 1, "name": null, "channel_3": 4, "channel_2": 3, "fanout_query_registered": true, "kilowatt_hours_daily": 0.0, "registered": false, "kilowatt_hours_monthly": 0.0, "share_with": [], "owner": null, "position": null, "secret_key": "450QWFL", "ip_address": "128.114.63.152"}, "model": "microdata.device", "pk": 10}, {"fields": {"data_retention_policy": 12, "cost_daily": 0.0, "channel_1": 3, "name": "Device 12", "channel_3": 4, "channel_2": 1, "fanout_query_registered": true, "kilowatt_hours_daily": 125.56708957317198, "registered": false, "kilowatt_hours_monthly": 125.56708957317198, "share_with": [], "owner": null, "position": "36.9732814464,-122.028767507", "secret_key": "398RZIX", "ip_address": "174.62.70.225"}, "model": "microdata.device", "pk": 12}, {"fields": {"appliances_to_watch": [1, 2, 3, 4, 5, 6, 7], "description": "When power usage exceeds average for 1 day", "keyword": "excess1day", "email_body": "./anomaly_details_xrmjFHC.txt", "watts_above_average": 500.0, "period_of_time": 86400.0, "email_subject": "SEADS - Abnormal Power Consumption Detected"}, "model": "webapp.eventnotification", "pk": 1}, {"fields": {"email_subject": "SEADS - Weekly Consumption Details", "description": "Weekly consumption details", "recurrences": "RRULE:FREQ=WEEKLY;BYDAY=MO", "email_body": "./consumption_details_yq5Q5mw.txt"}, "model": "webapp.intervalnotification", "pk": 6}, {"fields": {"email_subject": "SEADS - Monthly Consumption Emails", "description": "Monthly consumption details", "recurrences": "RRULE:FREQ=MONTHLY;BYMONTHDAY=1", "email_body": "./consumption_details_q7IgXdC.txt"}, "model": "webapp.intervalnotification", "pk": 7}, {"fields": {"email_subject": "SEADS - Annual Consumption Emails", "description": "Annual consumption details", "recurrences": "RRULE:FREQ=YEARLY;BYDAY=1MO;BYMONTH=1", "email_body": "./consumption_details_FsCvKL4.txt"}, "model": "webapp.intervalnotification", "pk": 8}, {"fields": {"email_subject": "SEADS - Daily Consumption Details", "description": "Daily consumption details", "recurrences": "RRULE:FREQ=DAILY", "email_body": "./consumption_details_rqLMLBM.txt"}, "model": "webapp.intervalnotification", "pk": 9}, {"fields": {"event_notification": [], "user": ["admin"], "interval_notification": [6, 7, 8, 9]}, "model": "webapp.usersettings", "pk": 1}, {"fields": {"event_notification": [], "user": ["hcrute"], "interval_notification": []}, "model": "webapp.usersettings", "pk": 2}, {"fields": {"event_notification": [], "user": ["poop"], "interval_notification": []}, "model": "webapp.usersettings", "pk": 17}, {"fields": {"description": "Pacific Gas and Electric Co"}, "model": "webapp.utilitycompany", "pk": 1}, {"fields": {"min_charge_rate": 0.14784, "data_source": "http://www.pge.com/tariffs/tm2/pdf/ELEC_SCHEDS_E-1.pdf", "utility_company": 1, "description": "Residential - E-1", "california_climate_credit": 24.76}, "model": "webapp.rateplan", "pk": 4}, {"fields": {"min_charge_rate": 1.0, "data_source": "http://google.com/", "utility_company": 1, "description": "Test", "california_climate_credit": 123.0}, "model": "webapp.rateplan", "pk": 6}, {"fields": {"max_percentage_of_baseline": 100.0, "rate_plan": 4, "rate": 0.16352, "chart_color": "#69d2e7", "tier_level": 1}, "model": "webapp.tier", "pk": 1}, {"fields": {"max_percentage_of_baseline": 131.0, "rate_plan": 4, "rate": 0.18673, "chart_color": "#a7dbd8", "tier_level": 2}, "model": "webapp.tier", "pk": 2}, {"fields": {"max_percentage_of_baseline": 200.0, "rate_plan": 4, "rate": 0.27504, "chart_color": "#bdc3c7", "tier_level": 3}, "model": "webapp.tier", "pk": 3}, {"fields": {"max_percentage_of_baseline": 300.0, "rate_plan": 4, "rate": 0.33504, "chart_color": "#c7f464", "tier_level": 4}, "model": "webapp.tier", "pk": 4}, {"fields": {"max_percentage_of_baseline": null, "rate_plan": 4, "rate": 0.33504, "chart_color": "#f38630", "tier_level": 5}, "model": "webapp.tier", "pk": 5}, {"fields": {"max_percentage_of_baseline": 100.0, "rate_plan": 6, "rate": 123.0, "chart_color": "#e320e3", "tier_level": 1}, "model": "webapp.tier", "pk": 6}, {"fields": {"max_percentage_of_baseline": 200.0, "rate_plan": 6, "rate": 124.0, "chart_color": "#f0ddf0", "tier_level": 2}, "model": "webapp.tier", "pk": 7}, {"fields": {"data_source": "http://www.pge.com/tariffs/tm2/pdf/ELEC_SCHEDS_E-1.pdf", "description": "Baseline Region P", "winter_start": 11, "summer_start": 5, "rate_plan": 4, "winter_rate": 12.3, "summer_rate": 13.8}, "model": "webapp.territory", "pk": 1}, {"fields": {"data_source": "http://www.pge.com/tariffs/tm2/pdf/ELEC_SCHEDS_E-1.pdf", "description": "Baseline Region R", "winter_start": 11, "summer_start": 5, "rate_plan": 4, "winter_rate": 11.0, "summer_rate": 15.6}, "model": "webapp.territory", "pk": 3}, {"fields": {"data_source": "http://www.pge.com/tariffs/tm2/pdf/ELEC_SCHEDS_E-1.pdf", "description": "Baseline Region S", "winter_start": 11, "summer_start": 5, "rate_plan": 4, "winter_rate": 11.2, "summer_rate": 13.8}, "model": "webapp.territory", "pk": 4}, {"fields": {"data_source": "http://www.pge.com/tariffs/tm2/pdf/ELEC_SCHEDS_E-1.pdf", "description": "Baseline Region T", "winter_start": 11, "summer_start": 5, "rate_plan": 4, "winter_rate": 8.5, "summer_rate": 7.0}, "model": "webapp.territory", "pk": 5}, {"fields": {"data_source": "http://www.pge.com/tariffs/tm2/pdf/ELEC_SCHEDS_E-1.pdf", "description": "Baseline Region V", "winter_start": 11, "summer_start": 5, "rate_plan": 4, "winter_rate": 10.6, "summer_rate": 8.7}, "model": "webapp.territory", "pk": 6}, {"fields": {"data_source": "http://www.pge.com/tariffs/tm2/pdf/ELEC_SCHEDS_E-1.pdf", "description": "Baseline Region W", "winter_start": 11, "summer_start": 5, "rate_plan": 4, "winter_rate": 10.1, "summer_rate": 16.8}, "model": "webapp.territory", "pk": 7}, {"fields": {"data_source": "http://www.pge.com/tariffs/tm2/pdf/ELEC_SCHEDS_E-1.pdf", "description": "Baseline Region X", "winter_start": 11, "summer_start": 5, "rate_plan": 4, "winter_rate": 10.9, "summer_rate": 10.1}, "model": "webapp.territory", "pk": 8}, {"fields": {"data_source": "http://www.pge.com/tariffs/tm2/pdf/ELEC_SCHEDS_E-1.pdf", "description": "Baseline Region Y", "winter_start": 11, "summer_start": 5, "rate_plan": 4, "winter_rate": 12.6, "summer_rate": 10.6}, "model": "webapp.territory", "pk": 9}, {"fields": {"data_source": "http://www.pge.com/tariffs/tm2/pdf/ELEC_SCHEDS_E-1.pdf", "description": "Baseline Region Z", "winter_start": 11, "summer_start": 5, "rate_plan": 4, "winter_rate": 9.0, "summer_rate": 6.2}, "model": "webapp.territory", "pk": 10}, {"fields": {"data_source": "http://seads.brabsmit.com/admin/webapp/territory/3/", "description": "Baseline Region Q", "winter_start": 11, "summer_start": 5, "rate_plan": 4, "winter_rate": 12.3, "summer_rate": 7.0}, "model": "webapp.territory", "pk": 11}, {"fields": {"device": 1, "utility_companies": [1], "territories": [1], "current_tier": 1, "rate_plans": [4]}, "model": "webapp.devicewebsettings", "pk": 6}, {"fields": {"device": 2, "utility_companies": [1], "territories": [1], "current_tier": 1, "rate_plans": [4]}, "model": "webapp.devicewebsettings", "pk": 7}, {"fields": {"device": 4, "utility_companies": [1], "territories": [3], "current_tier": 1, "rate_plans": [4]}, "model": "webapp.devicewebsettings", "pk": 10}, {"fields": {"device": 3, "utility_companies": [1], "territories": [1], "current_tier": 1, "rate_plans": [4]}, "model": "webapp.devicewebsettings", "pk": 14}, {"fields": {"device": 6, "utility_companies": [1], "territories": [1], "current_tier": 1, "rate_plans": [4]}, "model": "webapp.devicewebsettings", "pk": 36}, {"fields": {"device": 9, "utility_companies": [1], "territories": [1], "current_tier": 1, "rate_plans": [4]}, "model": "webapp.devicewebsettings", "pk": 45}, {"fields": {"device": 10, "utility_companies": [1], "territories": [1], "current_tier": 1, "rate_plans": [4]}, "model": "webapp.devicewebsettings", "pk": 46}, {"fields": {"device": 12, "utility_companies": [1], "territories": [1], "current_tier": 1, "rate_plans": [4]}, "model": "webapp.devicewebsettings", "pk": 47}, {"fields": {"user": ["admin"], "stack": true}, "model": "webapp.dashboardsettings", "pk": 1}, {"fields": {"device": 1, "transmission_rate_milliseconds": 4000, "date_now": 1432609344601, "adc_sample_rate": 5, "main_channel": 1}, "model": "farmer.devicesettings", "pk": 1}, {"fields": {"device": 2, "transmission_rate_milliseconds": 1000, "date_now": 1432609344610, "adc_sample_rate": 5, "main_channel": 1}, "model": "farmer.devicesettings", "pk": 2}, {"fields": {"device": 3, "transmission_rate_milliseconds": 5000, "date_now": 1432850368838, "adc_sample_rate": 7, "main_channel": 1}, "model": "farmer.devicesettings", "pk": 3}, {"fields": {"device": 4, "transmission_rate_milliseconds": 1000, "date_now": 1432609344626, "adc_sample_rate": 5, "main_channel": 1}, "model": "farmer.devicesettings", "pk": 4}, {"fields": {"device": 6, "transmission_rate_milliseconds": 1000, "date_now": 1432609344634, "adc_sample_rate": 5, "main_channel": 1}, "model": "farmer.devicesettings", "pk": 6}, {"fields": {"device": 9, "transmission_rate_milliseconds": 3000, "date_now": 1432851122494, "adc_sample_rate": 5, "main_channel": 1}, "model": "farmer.devicesettings", "pk": 9}, {"fields": {"device": 10, "transmission_rate_milliseconds": 1000, "date_now": 1432609344650, "adc_sample_rate": 5, "main_channel": 1}, "model": "farmer.devicesettings", "pk": 10}, {"fields": {"device": 12, "transmission_rate_milliseconds": 1000, "date_now": 1432609344658, "adc_sample_rate": 5, "main_channel": 1}, "model": "farmer.devicesettings", "pk": 12}]